{"model":{"mae":{"ccp_alpha":0.0,"class_weight":null,"criterion":"friedman_mse","feature_importances_":[0.6096107487,0.0468048266,0.134158813,0.0522900207,0.0519128656,0.0008037756,0.0549342359,0.0494847139],"max_depth":10,"max_features":null,"max_features_":8,"max_leaf_nodes":null,"min_impurity_decrease":0.0,"min_samples_leaf":3,"min_samples_split":16,"min_weight_fraction_leaf":0.0,"n_features_":8,"n_features_in_":8,"n_outputs_":1,"random_state":null,"splitter":"best","tree_":{"capacity":99,"children_left":[1,2,3,4,-1,6,7,-1,-1,10,11,-1,13,-1,15,-1,-1,-1,19,20,21,-1,23,-1,-1,26,27,-1,29,-1,-1,32,-1,34,-1,-1,37,-1,39,-1,41,-1,-1,44,45,-1,47,-1,49,-1,-1,-1,53,54,55,-1,-1,58,59,-1,-1,62,63,-1,65,66,67,-1,69,-1,-1,-1,73,-1,75,-1,-1,-1,79,80,81,-1,-1,84,85,86,-1,88,-1,-1,-1,92,-1,-1,95,96,-1,-1,-1],"children_right":[52,43,18,5,-1,9,8,-1,-1,17,12,-1,14,-1,16,-1,-1,-1,36,25,22,-1,24,-1,-1,31,28,-1,30,-1,-1,33,-1,35,-1,-1,38,-1,40,-1,42,-1,-1,51,46,-1,48,-1,50,-1,-1,-1,78,57,56,-1,-1,61,60,-1,-1,77,64,-1,72,71,68,-1,70,-1,-1,-1,74,-1,76,-1,-1,-1,94,83,82,-1,-1,91,90,87,-1,89,-1,-1,-1,93,-1,-1,98,97,-1,-1,-1],"feature":[0,0,6,2,-2,2,1,-2,-2,0,4,-2,3,-2,2,-2,-2,-2,1,0,3,-2,7,-2,-2,0,0,-2,2,-2,-2,0,-2,0,-2,-2,4,-2,3,-2,0,-2,-2,4,6,-2,2,-2,5,-2,-2,-2,7,0,7,-2,-2,0,6,-2,-2,0,4,-2,0,2,0,-2,3,-2,-2,-2,2,-2,3,-2,-2,-2,2,0,0,-2,-2,0,4,6,-2,3,-2,-2,-2,3,-2,-2,3,2,-2,-2,-2],"impurity":[0.9753184012,0.8211431202,0.7073007541,0.6555911777,0.3747668047,0.4957224101,0.348196454,0.1703541489,0.2440710122,0.3394892701,0.3021295615,0.1214233262,0.3389881149,0.2366270341,0.1968679188,0.2512976944,0.0940164529,0.0032836264,0.6061119627,0.5128225971,0.1304612473,0.00793567,0.1075380369,0.0899501281,0.0720193152,0.4106311738,0.1517075763,0.0616086183,0.0932228974,0.005619117,0.1365022133,0.467345186,0.0322053217,0.470851114,0.0128713139,0.1166638652,0.388282238,0.697564392,0.1187430067,0.0344828087,0.1104075033,0.083549602,0.0518884335,0.189151,0.1027445999,0.0,0.0945494812,0.0160131713,0.0540255207,0.0214828972,0.0450525858,0.0961347146,0.7905041339,0.6390085319,0.2381267624,0.2126231807,0.1439239276,0.6638315506,0.2462554926,0.0061688803,0.0051747841,0.6563845221,0.6328343326,0.3458926202,0.5801153011,0.7200130283,0.6935707435,0.4422552322,0.1524696345,0.055067387,0.1254417287,0.1840808831,0.2756390771,0.1490559462,0.2039254051,0.1031915191,0.2847246621,0.0101106987,0.8170574899,0.6450304348,0.3400845683,0.0762074154,0.1293674789,0.3729436977,0.258487054,0.0433252516,0.1459045832,0.0198338907,0.0041912883,0.0171650251,0.5748001047,0.2294319178,0.3026109726,0.0835033138,0.8082170247,0.6213619686,0.5646426199,0.369786267,0.2543840263],"max_depth":10,"max_n_classes":1,"n_classes":[1],"n_features":8,"n_leaves":50,"n_node_samples":[470,235,195,79,8,71,24,15,9,47,41,14,27,10,17,3,14,6,116,86,20,3,17,10,7,66,32,14,18,10,8,34,15,19,13,6,30,5,25,4,21,13,8,40,27,5,22,3,19,6,13,13,235,131,26,11,15,105,19,13,6,86,77,5,72,40,30,14,16,11,5,10,32,12,20,14,6,9,104,62,17,9,8,45,29,26,3,23,9,14,3,16,6,10,42,30,15,15,12],"n_outputs":1,"node_count":99,"threshold":[0.0797381429,-0.0893815653,-0.2360164151,-0.9001502395,-2.0,-0.6656535268,0.3895468414,-2.0,-2.0,-0.2585012689,-0.4591766447,-2.0,-0.5163169801,-2.0,-0.4943823814,-2.0,-2.0,-2.0,0.3895468414,-1.4423393011,-0.9974299073,-2.0,0.4494807869,-2.0,-2.0,-0.7094871998,-0.934980154,-2.0,-0.0442160722,-2.0,-2.0,-0.5967407227,-2.0,-0.4839942306,-2.0,-2.0,0.0181579553,-2.0,-0.7481925786,-2.0,-0.8222336471,-2.0,-2.0,1.331119597,-0.5181783587,-2.0,-0.3958909363,-2.0,0.2795512751,-2.0,-2.0,-2.0,0.2698566169,0.1924846172,-1.1485022306,-2.0,-2.0,0.3052310944,0.6490847394,-2.0,-2.0,1.8836817145,-0.8158367872,-2.0,0.9817099571,-0.1078631779,0.86896348,-2.0,-0.3907337934,-2.0,-2.0,-2.0,-0.4121890962,-2.0,0.0757180844,-2.0,-2.0,-2.0,0.4694568366,0.3052310944,0.1924846172,-2.0,-2.0,0.7562170029,0.2305916771,0.1590812728,-2.0,-0.0884467401,-2.0,-2.0,-2.0,-0.3475223631,-2.0,-2.0,0.6964964569,0.9961963892,-2.0,-2.0,-2.0],"value":[[[0.0607453619]],[[-0.3509520685]],[[-0.1473747946]],[[0.1978022915]],[[-1.0381355101]],[[0.3370628888]],[[0.8849612876]],[[0.5847628719]],[[1.3852919804]],[[0.0572849831]],[[-0.0478353337]],[[0.2208466716]],[[-0.187151929]],[[0.278219768]],[[-0.4608999861]],[[0.1310863139]],[[-0.5877541932]],[[0.7756071476]],[[-0.3824522929]],[[-0.173219409]],[[0.569913033]],[[0.1067065949]],[[0.6516553456]],[[0.7838666511]],[[0.462782052]],[[-0.3984110581]],[[-0.7183212876]],[[-0.413398971]],[[-0.9554830894]],[[-1.1089327956]],[[-0.7636709567]],[[-0.0973190773]],[[0.393277241]],[[-0.4846319603]],[[-0.9276304174]],[[0.4751980303]],[[-0.9822532268]],[[-0.0520140093]],[[-1.1683010703]],[[-1.4962311491]],[[-1.1058381982]],[[-1.2605971647]],[[-0.8543548777]],[[-1.3433912785]],[[-1.5498795499]],[[-1.8861812596]],[[-1.4734473431]],[[-0.935413332]],[[-1.5584000817]],[[-1.7469948539]],[[-1.4713563407]],[[-0.9145310227]],[[0.4724427923]],[[0.2322020637]],[[0.7230859149]],[[0.4250519795]],[[0.9416441342]],[[0.110649872]],[[-0.4973162518]],[[-0.1642185271]],[[-1.2190279886]],[[0.2449679691]],[[0.3467999212]],[[-0.6422235716]],[[0.4154821082]],[[0.2008162158]],[[0.4272485088]],[[1.1083130789]],[[-0.16868299]],[[-0.35382454]],[[0.2386284199]],[[-0.4784806631]],[[0.6838144736]],[[0.2916203909]],[[0.9191309232]],[[1.0599559562]],[[0.5905391797]],[[-0.626260954]],[[0.77505371]],[[1.0431786415]],[[0.1805785219]],[[0.6413610953]],[[-0.3378018732]],[[1.3690497978]],[[1.6314391992]],[[1.7673895486]],[[1.5055186666]],[[1.8015466202]],[[1.9113128535]],[[1.7309826131]],[[0.4532028369]],[[0.8934690078]],[[0.5674750611]],[[1.0890653759]],[[0.3792502396]],[[0.037662244]],[[0.4302785009]],[[-0.3549540128]],[[1.2332202286]]],"weighted_n_node_samples":[470.0,235.0,195.0,79.0,8.0,71.0,24.0,15.0,9.0,47.0,41.0,14.0,27.0,10.0,17.0,3.0,14.0,6.0,116.0,86.0,20.0,3.0,17.0,10.0,7.0,66.0,32.0,14.0,18.0,10.0,8.0,34.0,15.0,19.0,13.0,6.0,30.0,5.0,25.0,4.0,21.0,13.0,8.0,40.0,27.0,5.0,22.0,3.0,19.0,6.0,13.0,13.0,235.0,131.0,26.0,11.0,15.0,105.0,19.0,13.0,6.0,86.0,77.0,5.0,72.0,40.0,30.0,14.0,16.0,11.0,5.0,10.0,32.0,12.0,20.0,14.0,6.0,9.0,104.0,62.0,17.0,9.0,8.0,45.0,29.0,26.0,3.0,23.0,9.0,14.0,3.0,16.0,6.0,10.0,42.0,30.0,15.0,15.0,12.0]}},"r2":{"ccp_alpha":0.0,"class_weight":null,"criterion":"friedman_mse","feature_importances_":[0.6096107487,0.0468048266,0.134158813,0.0522900207,0.0519128656,0.0008037756,0.0549342359,0.0494847139],"max_depth":10,"max_features":null,"max_features_":8,"max_leaf_nodes":null,"min_impurity_decrease":0.0,"min_samples_leaf":3,"min_samples_split":16,"min_weight_fraction_leaf":0.0,"n_features_":8,"n_features_in_":8,"n_outputs_":1,"random_state":null,"splitter":"best","tree_":{"capacity":99,"children_left":[1,2,3,4,-1,6,7,-1,-1,10,11,-1,13,-1,15,-1,-1,-1,19,20,21,-1,23,-1,-1,26,27,-1,29,-1,-1,32,-1,34,-1,-1,37,-1,39,-1,41,-1,-1,44,45,-1,47,-1,49,-1,-1,-1,53,54,55,-1,-1,58,59,-1,-1,62,63,-1,65,66,67,-1,69,-1,-1,-1,73,-1,75,-1,-1,-1,79,80,81,-1,-1,84,85,86,-1,88,-1,-1,-1,92,-1,-1,95,96,-1,-1,-1],"children_right":[52,43,18,5,-1,9,8,-1,-1,17,12,-1,14,-1,16,-1,-1,-1,36,25,22,-1,24,-1,-1,31,28,-1,30,-1,-1,33,-1,35,-1,-1,38,-1,40,-1,42,-1,-1,51,46,-1,48,-1,50,-1,-1,-1,78,57,56,-1,-1,61,60,-1,-1,77,64,-1,72,71,68,-1,70,-1,-1,-1,74,-1,76,-1,-1,-1,94,83,82,-1,-1,91,90,87,-1,89,-1,-1,-1,93,-1,-1,98,97,-1,-1,-1],"feature":[0,0,6,2,-2,2,1,-2,-2,0,4,-2,3,-2,2,-2,-2,-2,1,0,3,-2,7,-2,-2,0,0,-2,2,-2,-2,0,-2,0,-2,-2,4,-2,3,-2,0,-2,-2,4,6,-2,2,-2,5,-2,-2,-2,7,0,7,-2,-2,0,6,-2,-2,0,4,-2,0,2,0,-2,3,-2,-2,-2,2,-2,3,-2,-2,-2,2,0,0,-2,-2,0,4,6,-2,3,-2,-2,-2,3,-2,-2,3,2,-2,-2,-2],