{"model":{"acc":{"ccp_alpha":0.0,"class_weight":{"0":1,"1":4},"classes_":[0,1],"criterion":"log_loss","feature_importances_":[0.7098204943,0.1578050244,0.0187971317,0.0228472918,0.0,0.020235244,0.0645786349,0.0059161789],"max_depth":40,"max_features":null,"max_features_":8,"max_leaf_nodes":40,"min_impurity_decrease":0.0,"min_samples_leaf":1,"min_samples_split":2,"min_weight_fraction_leaf":0.0,"n_classes_":2,"n_features_":8,"n_features_in_":8,"n_outputs_":1,"random_state":null,"splitter":"best","tree_":{"capacity":79,"children_left":[1,15,3,5,-1,7,-1,11,9,29,35,13,-1,-1,-1,19,17,-1,21,37,41,43,23,-1,25,27,-1,67,-1,31,-1,33,55,39,-1,-1,63,45,-1,59,51,73,-1,65,-1,47,49,57,-1,-1,-1,53,-1,61,-1,-1,-1,-1,69,-1,-1,-1,71,-1,-1,-1,-1,-1,-1,-1,-1,77,75,-1,-1,-1,-1,-1,-1],"children_right":[2,16,4,6,-1,8,-1,12,10,30,36,14,-1,-1,-1,20,18,-1,22,38,42,44,24,-1,26,28,-1,68,-1,32,-1,34,56,40,-1,-1,64,46,-1,60,52,74,-1,66,-1,48,50,58,-1,-1,-1,54,-1,62,-1,-1,-1,-1,70,-1,-1,-1,72,-1,-1,-1,-1,-1,-1,-1,-1,78,76,-1,-1,-1,-1,-1,-1],"feature":[0,0,0,0,-2,0,-2,0,1,6,0,1,-2,-2,-2,0,0,-2,0,0,5,6,0,-2,0,1,-2,6,-2,0,-2,0,6,2,-2,-2,7,3,-2,6,0,6,-2,3,-2,1,6,3,-2,-2,-2,5,-2,3,-2,-2,-2,-2,2,-2,-2,-2,2,-2,-2,-2,-2,-2,-2,-2,-2,6,7,-2,-2,-2,-2,-2,-2],"impurity":[0.9925439047,0.7989928742,0.9244416559,0.8667486989,0.0,0.9185324785,0.0,0.55989958,0.9970590569,0.9530990721,0.7099085284,0.8119524535,0.0,0.0,0.2850191415,0.9847010803,0.6791431616,0.0,0.9405112436,0.7478061583,0.624274101,0.7431697526,0.78902862,0.0,0.9276748743,0.9997182449,0.0,0.6042221834,0.0,0.9081783473,0.0,0.9978122433,0.3311970075,0.9577009405,0.0,0.0,0.9957274521,0.9156901528,0.0,0.6255388072,0.9959872294,0.4394969869,0.0,0.5225593745,0.5381411852,0.9999867128,0.394814846,0.9220583384,0.0,0.0,0.0,0.7807536251,0.9006267231,0.9910760598,0.0,0.2301627406,0.8366407419,0.0,0.8284715284,0.0,0.5604094281,0.0,0.985228136,0.6500224216,0.9751190649,0.0,0.0,0.7002719042,0.0,0.3054005709,0.9526092095,0.8256265262,0.666578358,0.2992611749,0.901170196,0.0,0.0,0.0,0.6500224216],"max_depth":14,"max_n_classes":2,"n_classes":[2],"n_features":8,"n_leaves":40,"n_node_samples":[4700,2930,1770,1518,252,1408,110,391,1017,700,317,257,134,124,133,617,2313,1330,983,504,113,120,863,326,537,320,217,105,215,603,97,472,131,355,117,215,102,291,213,101,254,91,22,31,89,146,145,88,58,142,3,157,97,66,91,119,12,18,70,8,93,22,44,42,60,1,30,89,16,16,54,24,20,71,20,19,1,6,18],"n_outputs":1,"node_count":79,"threshold":[0.3052310944,-0.9349800944,1.3763226271,1.2072029114,-2.0,0.7562170029,-2.0,0.5307240486,0.3895468414,1.5500863194,0.9817099571,0.3895468414,-2.0,-2.0,-2.0,-1.0477266014,-0.2585012689,-2.0,-0.0893815653,-1.4423393011,0.0054022695,-0.4212140143,0.0797381429,-2.0,0.1924846172,0.3895468414,-2.0,-0.143949993,-2.0,1.0944564342,-2.0,0.9817099571,0.8527382314,-0.4335452914,-2.0,-2.0,-0.1679192409,-0.5033921301,-2.0,-1.7791404724,0.86896348,-0.4461294413,-2.0,-0.5068644881,-2.0,0.3895468414,1.9118924141,-0.9142864645,-2.0,-2.0,-2.0,0.2350906283,-2.0,-0.353116706,-2.0,-2.0,-2.0,-2.0,-0.3384258896,-2.0,-2.0,-2.0,-0.0190663317,-2.0,-2.0,-2.0,-2.0,-2.0,-2.0,-2.0,-2.0,-1.4500579834,1.7823172808,-2.0,-2.0,-2.0,-2.0,-2.0,-2.0],"value":[[[3904.0,3184.0]],[[2713.0,868.0]],[[1191.0,2316.0]],[[939.0,2316.0]],[[252.0,0.0]],[[939.0,1876.0]],[[0.0,440.0]],[[147.0,976.0]],[[792.0,900.0]],[[493.0,828.0]],[[299.0,72.0]],[[147.0,440.0]],[[0.0,536.0]],[[124.0,0.0]],[[23.0,440.0]],[[520.0,388.0]],[[2193.0,480.0]],[[1330.0,0.0]],[[863.0,480.0]],[[472.0,128.0]],[[48.0,260.0]],[[62.0,232.0]],[[801.0,248.0]],[[326.0,0.0]],[[475.0,248.0]],[[258.0,248.0]],[[217.0,0.0]],[[43.0,248.0]],[[215.0,0.0]],[[396.0,828.0]],[[97.0,0.0]],[[369.0,412.0]],[[27.0,416.0]],[[252.0,412.0]],[[117.0,0.0]],[[215.0,0.0]],[[84.0,72.0]],[[259.0,128.0]],[[213.0,0.0]],[[43.0,232.0]],[[209.0,180.0]],[[26.0,260.0]],[[22.0,0.0]],[[30.0,4.0]],[[32.0,228.0]],[[117.0,116.0]],[[142.0,12.0]],[[59.0,116.0]],[[58.0,0.0]],[[142.0,0.0]],[[0.0,12.0]],[[146.0,44.0]],[[63.0,136.0]],[[55.0,44.0]],[[91.0,0.0]],[[16.0,412.0]],[[11.0,4.0]],[[18.0,0.0]],[[41.0,116.0]],[[8.0,0.0]],[[35.0,232.0]],[[22.0,0.0]],[[33.0,44.0]],[[40.0,8.0]],[[44.0,64.0]],[[0.0,4.0]],[[30.0,0.0]],[[43.0,184.0]],[[0.0,64.0]],[[3.0,52.0]],[[38.0,64.0]],[[14.0,40.0]],[[19.0,4.0]],[[13.0,232.0]],[[13.0,28.0]],[[19.0,0.0]],[[0.0,4.0]],[[6.0,0.0]],[[8.0,40.0]]],"weighted_n_node_samples":[7088.0,3581.0,3507.0,3255.0,252.0,2815.0,440.0,1123.0,1692.0,1321.0,371.0,587.0,536.0,124.0,463.0,908.0,2673.0,1330.0,1343.0,600.0,308.0,294.0,1049.0,326.0,723.0,506.0,217.0,291.0,215.0,1224.0,97.0,781.0,443.0,664.0,117.0,215.0,156.0,387.0,213.0,275.0,389.0,286.0,22.0,34.0,260.0,233.0,154.0,175.0,58.0,142.0,12.0,190.0,199.0,99.0,91.0,428.0,15.0,18.0,157.0,8.0,267.0,22.0,77.0,48.0,108.0,4.0,30.0,227.0,64.0,55.0,102.0,54.0,23.0,245.0,41.0,19.0,4.0,6.0,48.0]}},"f1":{"ccp_alpha":0.0,"class_weight":{"0":1,"1":4},"classes_":[0,1],"criterion":"log_loss","feature_importances_":[0.7098204943,0.1578050244,0.0187971317,0.0228472918,0.0,0.020235244,0.0645786349,0.0059161789],"max_depth":40,"max_features":null,"max_features_":8,"max_leaf_nodes":40,"min_impurity_decrease":0.0,"min_samples_leaf":1,"min_samples_split":2,"min_weight_fraction_leaf":0.0,"n_classes_":2,"n_features_":8,"n_features_in_":8,"n_outputs_":1,"random_state":null,"splitter":"best","tree_":{"capacity":79,"children_left":[1,15,3,5,-1,7,-1,11,9,29,35,13,-1,-1,-1,19,17,-1,21,37,41,43,23,-1,25,27,-1,67,-1,31,-1,33,55,39,-1,-1,63,45,-1,59,51,73,-1,65,-1,47,49,57,-1,-1,-1,53,-1,61,-1,-1,-1,-1,69,-1,-1,-1,71,-1,-1,-1,-1,-1,-1,-1,-1,77,75,-1,-1,-1,-1,-1,-1],"children_right":[2,16,4,6,-1,8,-1,12,10,30,36,14,-1,-1,-1,20,18,-1,22,38,42,44,24,-1,26,28,-1,68,-1,32,-1,34,56,40,-1,-1,64,46,-1,60,52,74,-1,66,-1,48,50,58,-1,-1,-1,54,-1,62,-1,-1,-1,-1,70,-1,-1,-1,72,-1,-1,-1,-1,-1,-1,-1,-1,78,76,-1,-1,-1,-1,-1,-1],"feature":[0,0,0,0,-2,0,-2,0,1,6,0,1,-2,-2,-2,0,0,-2,0,0,5,6,0,-2,0,1,-2,6,-2,0,-2,0,6,2,-2,-2,7,3,-2,6,0,6,-2,3,-2,1,6,3,-2,-2,-2,5,-2,3,-2,-2,-2,-2,2,-2,-2,-2,2,-2,-2,-2,-2,-2,-2,-2,-2,6,7,-2,-2,-2,-2,-2,-2],"impurity":[0.9925439047,0.7989928742,0.9244416559,0.8667486989,0.0,0.9185324785,0.0,0.55989958,0.9970590569,0.9530990721,0.7099085284,0.8119524535,0.0,0.0,0.2850191415,0.9847010803,0.6791431616,0.0,0.9405112436,0.7478061583,0.624274101,0.7431697526,0.78902862,0.0,0.9276748743,0.9997182449,0.0,0.6042221834,0.0,0.9081783473,0.0,0.9978122433,0.3311970075,0.9577009405,0.0,0.0,0.9957274521,0.9156901528,0.0,0.6255388072,0.9959872294,0.4394969869,0.0,0.5225593745,0.5381411852,0.9999867128,0.394814846,0.9220583384,0.0,0.0,0.0,0.7807536251,0.9006267231,0.9910760598,0.0,0.2301627406,0.8366407419,0.0,0.8284715284,0.0,0.5604094281,0.0,0.985228136,0.6500224216,0.9751190649,0.0,0.0,0.7002719042,0.0,0.3054005709,0.9526092095,0.8256265262,0.666578358,0.2992611749,0.901170196,0.0,0.0,0.0,0.6500224216],"max_depth":14,"max_n_classes":2,"n_classes":[2],"n_features":8,"n_leaves":40,"n_node_samples":[4700,2930,1770,1518,252,1408,110,391,1017,700,317,257,134,124,133,617,2313,1330,983,504,113,120,863,326,537,320,217,105,215,603,97,472,131,355,117,215,102,291,213,101,254,91,22,31,89,146,145,88,58,142,3,157,97,66,91,119,12,18,70,8,93,22,44,42,60,1,30,89,16,16,54,24,20,71,20,19,1,6,18],"n_outputs":1,"node_count":79,"threshold":[0.3052310944,-0.9349800944,1.3763226271,1.2072029114,-2.0,0.7562170029,-2.0,0.5307240486,0.3895468414,1.5500863194,0.9817099571,0.3895468414,-2.0,-2.0,-2.0,-1.0477266014,-0.2585012689,-2.0,-0.0893815653,-1.4423393011,0.0054022695,-0.4212140143,0.0797381429,-2.0,0.1924846172,0.3895468414,-2.0,-0.143949993,-2.0,1.0944564342,-2.0,0.9817099571,0.8527382314,-0.4335452914,-2.0,-2.0,-0.1679192409,-0.5033921301,-2.0,-1.7791404724,0.86896348,-0.4461294413,-2.0,-0.5068644881,-2.0,0.3895468414,1.9118924141,-0.9142864645,-2.0,-2.0,-2.0,0.2350906283,-2.0,-0.353116706,-2.0,-2.0,-2.0,-2.0,-0.3384258896,-2.0,-2.0,-2.0,-0.0190663317,-2.0,-2.0,-2.0,-2.0,-2.0,-2.0,-2.0,-2.0,-1.4500579834,1.7823172808,-2.0,-2.0,-2.0,-2.0,-2.0,-2.0],