{"model":{"mae":{"ccp_alpha":0.0,"class_weight":null,"criterion":"friedman_mse","feature_importances_":[0.6143677134,0.0464610694,0.1259801938,0.0461648686,0.0476057047,0.0,0.0713851029,0.0480353473],"max_depth":10,"max_features":null,"max_features_":8,"max_leaf_nodes":40,"min_impurity_decrease":0.0,"min_samples_leaf":1,"min_samples_split":4,"min_weight_fraction_leaf":0.0,"n_features_":8,"n_features_in_":8,"n_outputs_":1,"random_state":null,"splitter":"best","tree_":{"capacity":79,"children_left":[1,3,5,7,61,23,15,13,9,11,39,-1,29,-1,21,17,19,55,35,43,75,57,59,77,25,47,27,37,-1,71,31,-1,33,-1,-1,41,73,-1,49,63,-1,-1,-1,45,67,-1,-1,-1,-1,51,65,53,-1,69,-1,-1,-1,-1,-1,-1,-1,-1,-1,-1,-1,-1,-1,-1,-1,-1,-1,-1,-1,-1,-1,-1,-1,-1,-1],"children_right":[2,4,6,8,62,24,16,14,10,12,40,-1,30,-1,22,18,20,56,36,44,76,58,60,78,26,48,28,38,-1,72,32,-1,34,-1,-1,42,74,-1,50,64,-1,-1,-1,46,68,-1,-1,-1,-1,52,66,54,-1,70,-1,-1,-1,-1,-1,-1,-1,-1,-1,-1,-1,-1,-1,-1,-1,-1,-1,-1,-1,-1,-1,-1,-1,-1,-1],"feature":[0,0,7,6,4,0,2,2,1,0,4,-2,0,-2,2,0,3,0,0,2,6,1,0,7,0,6,0,4,-2,0,0,-2,0,-2,-2,4,0,-2,0,6,-2,-2,-2,3,0,-2,-2,-2,-2,2,2,0,-2,6,-2,-2,-2,-2,-2,-2,-2,-2,-2,-2,-2,-2,-2,-2,-2,-2,-2,-2,-2,-2,-2,-2,-2,-2,-2],"impurity":[0.9753184012,0.8211431202,0.7905041339,0.7073007541,0.189151,0.6390085319,0.8170574899,0.6555911777,0.6061119627,0.5128225971,0.388282238,0.1304612473,0.4106311738,0.3747668047,0.4957224101,0.6450304348,0.8082170247,0.3400845683,0.3729436977,0.6213619686,0.2543840263,0.348196454,0.3394892701,0.2381267624,0.6638315506,0.2462554926,0.6563845221,0.6328343326,0.0101106987,0.1517075763,0.467345186,0.0322053217,0.470851114,0.0128713139,0.1166638652,0.258487054,0.2294319178,0.3458926202,0.5801153011,0.697564392,0.1187430067,0.0433252516,0.5748001047,0.5646426199,0.369786267,0.2157797245,0.1533176206,0.0061688803,0.0051747841,0.7200130283,0.2756390771,0.6935707435,0.1840808831,0.4422552322,0.1524696345,0.0762074154,0.1293674789,0.1703541489,0.2440710122,0.3021295615,0.0032836264,0.1027445999,0.0961347146,0.040573963,0.0,0.1490559462,0.2039254051,0.0,0.2149609746,0.1116989144,0.8608117089,0.0616086183,0.0932228974,0.118740064,-0.0,0.0401993796,0.1247466664,0.2126231807,0.1439239276],"max_depth":10,"max_n_classes":1,"n_classes":[1],"n_features":8,"n_leaves":40,"n_node_samples":[470,235,235,195,40,131,104,79,116,86,30,20,66,8,71,62,42,17,45,30,12,24,47,26,105,19,86,77,9,32,34,15,19,13,6,29,16,5,72,5,25,26,3,15,15,6,9,13,6,40,32,30,10,14,16,9,8,15,9,41,6,27,13,4,1,12,20,1,14,11,3,14,18,15,1,3,9,11,15],"n_outputs":1,"node_count":79,"threshold":[0.0797381429,-0.0893815653,0.2698566169,-0.2360164151,1.331119597,0.1924846172,0.4694568366,-0.9001502395,0.3895468414,-1.4423393011,0.0181579553,-2.0,-0.7094871998,-2.0,-0.6656535268,0.3052310944,0.6964964569,0.1924846172,0.7562170029,0.9961963892,-0.2103911415,0.3895468414,-0.2585012689,-1.1485022306,0.3052310944,0.6490847394,1.8836817145,-0.8158367872,-2.0,-0.934980154,-0.5967407227,-2.0,-0.4839942306,-2.0,-2.0,0.2305916771,1.8836817145,-2.0,0.9817099571,1.1632938534,-2.0,-2.0,-2.0,-0.0205430761,0.1924846172,-2.0,-2.0,-2.0,-2.0,-0.1078631779,-0.4121890962,0.86896348,-2.0,0.2908278103,-2.0,-2.0,-2.0,-2.0,-2.0,-2.0,-2.0,-2.0,-2.0,-2.0,-2.0,-2.0,-2.0,-2.0,-2.0,-2.0,-2.0,-2.0,-2.0,-2.0,-2.0,-2.0,-2.0,-2.0,-2.0],"value":[[[0.0607453619]],[[-0.3509520685]],[[0.4724427923]],[[-0.1473747946]],[[-1.3433912785]],[[0.2322020637]],[[0.77505371]],[[0.1978022915]],[[-0.3824522929]],[[-0.173219409]],[[-0.9822532268]],[[0.569913033]],[[-0.3984110581]],[[-1.0381355101]],[[0.3370628888]],[[1.0431786415]],[[0.3792502396]],[[0.1805785219]],[[1.3690497978]],[[0.037662244]],[[1.2332202286]],[[0.8849612876]],[[0.0572849831]],[[0.7230859149]],[[0.110649872]],[[-0.4973162518]],[[0.2449679691]],[[0.3467999212]],[[-0.626260954]],[[-0.7183212876]],[[-0.0973190773]],[[0.393277241]],[[-0.4846319603]],[[-0.9276304174]],[[0.4751980303]],[[1.6314391992]],[[0.8934690078]],[[-0.6422235716]],[[0.4154821082]],[[-0.0520140093]],[[-1.1683010703]],[[1.7673895486]],[[0.4532028369]],[[0.4302785009]],[[-0.3549540128]],[[-0.3309771964]],[[0.937782299]],[[-0.1642185271]],[[-1.2190279886]],[[0.2008162158]],[[0.6838144736]],[[0.4272485088]],[[-0.4784806631]],[[1.1083130789]],[[-0.16868299]],[[0.6413610953]],[[-0.3378018732]],[[0.5847628719]],[[1.3852919804]],[[-0.0478353337]],[[0.7756071476]],[[-1.5498795499]],[[-0.9145310227]],[[0.3557559079]],[[-1.6830936782]],[[0.2916203909]],[[0.9191309232]],[[1.1839366061]],[[-0.4648747713]],[[1.3236556057]],[[0.3187238137]],[[-0.413398971]],[[-0.9554830894]],[[0.9822057375]],[[-0.4375819372]],[[0.5606709405]],[[1.4574033246]],[[0.4250519795]],[[0.9416441342]]],"weighted_n_node_samples":[470.0,235.0,235.0,195.0,40.0,131.0,104.0,79.0,116.0,86.0,30.0,20.0,66.0,8.0,71.0,62.0,42.0,17.0,45.0,30.0,12.0,24.0,47.0,26.0,105.0,19.0,86.0,77.0,9.0,32.0,34.0,15.0,19.0,13.0,6.0,29.0,16.0,5.0,72.0,5.0,25.0,26.0,3.0,15.0,15.0,6.0,9.0,13.0,6.0,40.0,32.0,30.0,10.0,14.0,16.0,9.0,8.0,15.0,9.0,41.0,6.0,27.0,13.0,4.0,1.0,12.0,20.0,1.0,14.0,11.0,3.0,14.0,18.0,15.0,1.0,3.0,9.0,11.0,15.0]}},"r2":{"ccp_alpha":0.0,"class_weight":null,"criterion":"friedman_mse","feature_importances_":[0.6143677134,0.0464610694,0.1259801938,0.0461648686,0.0476057047,0.0,0.0713851029,0.0480353473],"max_depth":10,"max_features":null,"max_features_":8,"max_leaf_nodes":40,"min_impurity_decrease":0.0,"min_samples_leaf":1,"min_samples_split":4,"min_weight_fraction_leaf":0.0,"n_features_":8,"n_features_in_":8,"n_outputs_":1,"random_state":null,"splitter":"best","tree_":{"capacity":79,"children_left":[1,3,5,7,61,23,15,13,9,11,39,-1,29,-1,21,17,19,55,35,43,75,57,59,77,25,47,27,37,-1,71,31,-1,33,-1,-1,41,73,-1,49,63,-1,-1,-1,45,67,-1,-1,-1,-1,51,65,53,-1,69,-1,-1,-1,-1,-1,-1,-1,-1,-1,-1,-1,-1,-1,-1,-1,-1,-1,-1,-1,-1,-1,-1,-1,-1,-1],"children_right":[2,4,6,8,62,24,16,14,10,12,40,-1,30,-1,22,18,20,56,36,44,76,58,60,78,26,48,28,38,-1,72,32,-1,34,-1,-1,42,74,-1,50,64,-1,-1,-1,46,68,-1,-1,-1,-1,52,66,54,-1,70,-1,-1,-1,-1,-1,-1,-1,-1,-1,-1,-1,-1,-1,-1,-1,-1,-1,-1,-1,-1,-1,-1,-1,-1,-1],"feature":[0,0,7,6,4,0,2,2,1,0,4,-2,0,-2,2,0,3,0,0,2,6,1,0,7,0,6,0,4,-2,0,0,-2,0,-2,-2,4,0,-2,0,6,-2,-2,-2,3,0,-2,-2,-2,-2,2,2,0,-2,6,-2,-2,-2,-2,-2,-2,-2,-2,-2,-2,-2,-2,-2,-2,-2,-2,-2,-2,-2,-2,-2,-2,-2,-2,-2],"impurity":[0.9753184012,0.8211431202,0.7905041339,0.7073007541,0.189151,0.6390085319,0.8170574899,0.6555911777,0.6061119627,0.5128225971,0.388282238,0.1304612473,0.4106311738,0.3747668047,0.4957224101,0.6450304348,0.8082170247,0.3400845683,0.3729436977,0.6213619686,0.2543840263,0.348196454,0.3394892701,0.2381267624,0.6638315506,0.2462554926,0.6563845221,0.6328343326,0.0101106987,0.1517075763,0.467345186,0.0322053217,0.470851114,0.0128713139,0.1166638652,0.258487054,0.2294319178,0.3458926202,0.5801153011,0.697564392,0.1187430067,0.0433252516,0.5748001047,0.5646426199,0.369786267,0.2157797245,0.1533176206,0.0061688803,0.0051747841,0.7200130283,0.2756390771,0.6935707435,0.1840808831,0.4422552322,0.1524696345,0.0762074154,0.1293674789,0.1703541489,0.2440710122,0.3021295615,0.0032836264,0.1027445999,0.0961347146,0.040573963,0.0,0.1490559462,0.2039254051,0.0,0.2149609746,0.1116989144,0.8608117089,0.0616086183,0.0932228974,0.118740064,-0.0,0.0401993796,0.1247466664,0.2126231807,0.1439239276],"max_depth":10,"max_n_classes":1,"n_classes":[1],"n_features":8,"n_leaves":40,"n_node_samples":[470,235,235,195,40,131,104,79,116,86,30,20,66,8,71,62,42,17,45,30,12,24,47,26,105,19,86,77,9,32,34,15,19,13,6,29,16,5,72,5,25,26,3,15,15,6,9,13,6,40,32,30,10,14,16,9,8,15,9,41,6,27,13,4,1,12,20,1,14,11,3,14,18,15,1,3,9,11,15],"n_outputs":1,"node_count":79,